Car No.,Car Name,Brand,Branch,Fuel Type,Cost,Category
101,XF,Jaguar,Dum Dum,Petrol,1500,Sedan
102,Benz-GLS,Mercedes,Kolkata,Petrol,1200,SUV
103,XC90,Volvo,Maharashtra,Diesel,1100,SUV
104,A8,Audi,Maharashtra,Petrol,1400,Sedan
105,Benz V-Class,Mercedes,New Town,Diesel,2500,MUV
106,M5,BMW,New Town,Petrol,2900,Sedan
107,Fortuner,Toyota,Kolkata,Petrol,1650,SUV
108,Tiguan AllSpace,Volksvagen,Dum Dum,Diesel,1400,SUV
109,S60,Volvo,Maharashtra,Petrol,1300,Sedan
110,Seltos,Kia,Bengluru,Diesel,900,SUV
111,Hector,MG,Kolkata,Diesel,850,SUV
112,A4,Audi,Dum Dum,Petrol,1200,Sedan
113,GLC,Mercedes,Kolkata,Petrol,1700,SUV
114,Sonet,Kia,New Town,Diesel,1100,SUV
115,F-Pace,Jaguar,New Town,Petrol,2700,SUV
116,335I,BMW,Bengluru,Petrol,2200,Sedan
117,X6,BMW,Kolkata,Diesel,3500,SUV
118,Vellfire,Toyota,Kolkata,Petrol,2100,MUV
119,iX,BMW,New Town,Electric,2700,SUV
120,Compass,Jeep,Hydrabad,Diesel,900,SUV
